INSERT INTO CATEGORIES_MAIN (ID,NAME,META_LINK,ACTIVE, CREATED_AT) VALUES (2,'PERIFÉRICOS','periféricos',1, NOW())
INSERT INTO CATEGORIES_MAIN (ID,NAME,META_LINK,ACTIVE, CREATED_AT) VALUES (3,'OUTROS','outros',1, NOW())
INSERT INTO CATEGORIES_MAIN (ID,NAME,META_LINK,ACTIVE, CREATED_AT) VALUES (4,'GAMES','hardware',1, NOW())
INSERT INTO CATEGORIES_MAIN (ID,NAME,META_LINK,ACTIVE, CREATED_AT) VALUES (5,'HARDWARE','hardware',1,NOW())
INSERT INTO CATEGORIES_MAIN (ID,NAME,META_LINK,ACTIVE, CREATED_AT) VALUES (6,'TELEFONIA','telefonia',1,NOW())
INSERT INTO CATEGORIES_MAIN (ID,NAME,META_LINK,ACTIVE, CREATED_AT) VALUES (7,'ESPAÇO GAMER','espaço-gamer',1,NOW())


INSERT INTO CATEGORIES (ID,MAIN_ID,NAME,META_LINK,ACTIVE) VALUES (1,1,'NOTEBOOKS','notebooks',1)
INSERT INTO CATEGORIES (ID,MAIN_ID,NAME,META_LINK,ACTIVE) VALUES (2,6,'CELULARES','celulares',1)
INSERT INTO CATEGORIES (ID,MAIN_ID,NAME,META_LINK,ACTIVE) VALUES (3,3,'MOUSES GAMER','mouses-gamer',1)
INSERT INTO CATEGORIES (ID,MAIN_ID,NAME,META_LINK,ACTIVE) VALUES (4,3,'TECLADOS','teclados',1)
INSERT INTO CATEGORIES (ID,MAIN_ID,NAME,META_LINK,ACTIVE) VALUES (5,1,'SOFTWARES','softwares',1)
INSERT INTO CATEGORIES (ID,MAIN_ID,NAME,META_LINK,ACTIVE) VALUES (6,1,'PC','pc',1)
INSERT INTO CATEGORIES (ID,MAIN_ID,NAME,META_LINK,ACTIVE) VALUES (7,1,'MONITORES','monitores',1)
INSERT INTO CATEGORIES (ID,MAIN_ID,NAME,META_LINK,ACTIVE) VALUES (8,1,'IMPRESSORAS','impressoras',1)
INSERT INTO CATEGORIES (ID,MAIN_ID,NAME,META_LINK,ACTIVE) VALUES (9,1,'SCANNERS','scanners',1)
INSERT INTO CATEGORIES (ID,MAIN_ID,NAME,META_LINK,ACTIVE) VALUES (10,3,'TECLADO GAMER','teclado-gamer',1)
INSERT INTO CATEGORIES (ID,MAIN_ID,NAME,META_LINK,ACTIVE) VALUES (11,3,'CAIXA DE SOM','caixa-de-som',1)
INSERT INTO CATEGORIES (ID,MAIN_ID,NAME,META_LINK,ACTIVE) VALUES (12,3,'HEADSETS','headsets',1)
INSERT INTO CATEGORIES (ID,MAIN_ID,NAME,META_LINK,ACTIVE) VALUES (13,3,'MOUSE PAD','mouse-pad',1)
INSERT INTO CATEGORIES (ID,MAIN_ID,NAME,META_LINK,ACTIVE) VALUES (14,3,'ÓCULOS','oculos',1)
INSERT INTO CATEGORIES (ID,MAIN_ID,NAME,META_LINK,ACTIVE) VALUES (15,3,'CABOS E ADAPTADORES','cabos-e-adaptadores',1)
INSERT INTO CATEGORIES (ID,MAIN_ID,NAME,META_LINK,ACTIVE) VALUES (16,1,'FONES DE OUVIDOS GAMER','fones-de-ouvidos-gamer',1)
INSERT INTO CATEGORIES (ID,MAIN_ID,NAME,META_LINK,ACTIVE) VALUES (17,1,'KIT GAMER','kit-gamer',1)
INSERT INTO CATEGORIES (ID,MAIN_ID,NAME,META_LINK,ACTIVE) VALUES (18,3,'STREAMER','streamer',1)
INSERT INTO CATEGORIES (ID,MAIN_ID,NAME,META_LINK,ACTIVE) VALUES (19,3,'HEADSET GAMER','headset-gamer',1)
INSERT INTO CATEGORIES (ID,MAIN_ID,NAME,META_LINK,ACTIVE) VALUES (20,1,'MESA DIGITALIZADORA','mesa-digitalizadora',1)
INSERT INTO CATEGORIES (ID,MAIN_ID,NAME,META_LINK,ACTIVE) VALUES (21,1,'PEN DRIVE','pen-drive',1)
INSERT INTO CATEGORIES (ID,MAIN_ID,NAME,META_LINK,ACTIVE) VALUES (22,3,'GABINETES','gabinetes',1)
INSERT INTO CATEGORIES (ID,MAIN_ID,NAME,META_LINK,ACTIVE) VALUES (23,3,'SUPRIMENTOS','suprimentos',1)
INSERT INTO CATEGORIES (ID,MAIN_ID,NAME,META_LINK,ACTIVE) VALUES (24,3,'TECLADO E MOUSE','teclado-mouse',1)
INSERT INTO CATEGORIES (ID,MAIN_ID,NAME,META_LINK,ACTIVE) VALUES (25,3,'SUPORTES','suportes',1)
INSERT INTO CATEGORIES (ID,MAIN_ID,NAME,META_LINK,ACTIVE) VALUES (26,4,'SIMULADORES','simuladores',1)
INSERT INTO CATEGORIES (ID,MAIN_ID,NAME,META_LINK,ACTIVE) VALUES (27,4,'XBOX','xbox',1)
INSERT INTO CATEGORIES (ID,MAIN_ID,NAME,META_LINK,ACTIVE) VALUES (28,4,'PLAYSTATION','playstation',1)
INSERT INTO CATEGORIES (ID,MAIN_ID,NAME,META_LINK,ACTIVE) VALUES (29,4,'NITENDO','nitendo',1)
INSERT INTO CATEGORIES (ID,MAIN_ID,NAME,META_LINK,ACTIVE) VALUES (30,4,'VIDEO GAME RETRO','video-game-retro',1)
INSERT INTO CATEGORIES (ID,MAIN_ID,NAME,META_LINK,ACTIVE) VALUES (31,4,'ACESSÓRIOS GAMER','acessorios-games',1)
INSERT INTO CATEGORIES (ID,MAIN_ID,NAME,META_LINK,ACTIVE) VALUES (32,4,'PORTÁTEIS','portateis',1)
INSERT INTO CATEGORIES (ID,MAIN_ID,NAME,META_LINK,ACTIVE) VALUES (33,6,'SMARTPHONES','smartphones',1)
INSERT INTO CATEGORIES (ID,MAIN_ID,NAME,META_LINK,ACTIVE) VALUES (34,6,'CELULAR BÁSICO','celular-básico',1)
INSERT INTO CATEGORIES (ID,MAIN_ID,NAME,META_LINK,ACTIVE) VALUES (35,6,'SMARTPHONES WEARABLES','smartphone-wearables',1)
INSERT INTO CATEGORIES (ID,MAIN_ID,NAME,META_LINK,ACTIVE) VALUES (36,6,'ACESSÓRIOS PARA SMARTPHONES','acessorios-para-smartphones',1)
INSERT INTO CATEGORIES (ID,MAIN_ID,NAME,META_LINK,ACTIVE) VALUES (37,5,'SSD','ssd',1)
INSERT INTO CATEGORIES (ID,MAIN_ID,NAME,META_LINK,ACTIVE) VALUES (38,1,'KIT-HARDWARE','kit-hardware',1)
INSERT INTO CATEGORIES (ID,MAIN_ID,NAME,META_LINK,ACTIVE) VALUES (39,5,'PLACAS INTERFACE','placas-interface',1)
INSERT INTO CATEGORIES (ID,MAIN_ID,NAME,META_LINK,ACTIVE) VALUES (40,5,'COOLERS','coolers',1)
INSERT INTO CATEGORIES (ID,MAIN_ID,NAME,META_LINK,ACTIVE) VALUES (41,5,'DISCO RIGIDO (HD)','disco-rigido-hd',1)
INSERT INTO CATEGORIES (ID,MAIN_ID,NAME,META_LINK,ACTIVE) VALUES (42,5,'DRIVES','drives',1)
INSERT INTO CATEGORIES (ID,MAIN_ID,NAME,META_LINK,ACTIVE) VALUES (43,5,'FONTES','fontes',1)
INSERT INTO CATEGORIES (ID,MAIN_ID,NAME,META_LINK,ACTIVE) VALUES (44,5,'MEMÓRIA RAM','memoria-ram',1)
INSERT INTO CATEGORIES (ID,MAIN_ID,NAME,META_LINK,ACTIVE) VALUES (45,5,'PLACA DE VIDEO (VGA)','placa-de-video-vga',1)
INSERT INTO CATEGORIES (ID,MAIN_ID,NAME,META_LINK,ACTIVE) VALUES (46,5,'PLACAS-MÃE','placas-mãe',1)
INSERT INTO CATEGORIES (ID,MAIN_ID,NAME,META_LINK,ACTIVE) VALUES (47,5,'PROCESSADORES','processadores',1)
INSERT INTO CATEGORIES (ID,MAIN_ID,NAME,META_LINK,ACTIVE) VALUES (48,5,'CADEIRAS GAMER','cadeiras-gamer',1)
INSERT INTO CATEGORIES (ID,MAIN_ID,NAME,META_LINK,ACTIVE) VALUES (49,5,'MESA GAMER','mesa-gamer',1)
INSERT INTO CATEGORIES (ID,MAIN_ID,NAME,META_LINK,ACTIVE) VALUES (50,5,'TAPETE GAMER','tapete-gamer',1)

INSERT INTO PRODUCT (ID,NAME,META_LINK,DESCRIPTION,CODE,EMPHASIS,CONTROL_STOCK,SALE_PRICE,QUANTITY_AVAILABLE,ACTIVE,IMG_URL,CREATED_AT) VALUES (1,'Notebook Dell, Intel Core i3 1115g4, 4GB RAM, SSD 128GB, Tela 15.6&quot; Full HD, Windows 11 - I15-i1100','notebook-dell-intel-core-i3-1115g4-4gb-ram-ssd-128gb-tela-156-full-hd-windows-11-i15-i1100','Notebook Dell, Intel Core i3 1115g4, 4GB RAM, SSD 128GB, Tela 15.6&quot; Full HD, Windows 11 - I15-i1100','69473180',1,0,4569.99,10,1,'imgurl',NOW())
INSERT INTO PRODUCT (ID,NAME,META_LINK,DESCRIPTION,CODE,EMPHASIS,CONTROL_STOCK,SALE_PRICE,QUANTITY_AVAILABLE,ACTIVE,IMG_URL,CREATED_AT) VALUES (2,'Smartphone Samsung Galaxy A23 128GB Preto 5G Octa-Core 4GB RAM 6,6” Câm. Quádrupla + Selfie 8MP','smartphone-samsung-galaxy-a23-128gb-preto-5g-octa-core-4gb-ram-66-cam-quadrupla-selfie-8mp','','81046529',1,0,1214.10,10,1,'imgurl',NOW())
INSERT INTO PRODUCT (ID,NAME,META_LINK,DESCRIPTION,CODE,EMPHASIS,CONTROL_STOCK,SALE_PRICE,QUANTITY_AVAILABLE,ACTIVE,IMG_URL,CREATED_AT) VALUES (3,'Teclado Mecânico Gamer HyperX Alloy MKW100, RGB, Switch Red, Full Size, US, Preto - 4P5E1AA#ABA','teclado-mecanico-gamer-hyperx-alloy-origins-rgb-switch-hyperx-red-abnt2-4p4f6a2ac4','','49681307',1,0,488.88,10,1,'imgurl',NOW())
INSERT INTO PRODUCT (ID,NAME,META_LINK,DESCRIPTION,CODE,EMPHASIS,CONTROL_STOCK,SALE_PRICE,QUANTITY_AVAILABLE,ACTIVE,IMG_URL,CREATED_AT) VALUES (4,'Teclado Mecânico Gamer HyperX Alloy Origins, RGB, Switch HyperX Red, ABNT2 - 4P4F6A2#AC4','teclado-mecanico-gamer-hyperx-alloy-origins-rgb-switch-hyperx-red-abnt2-4p4f6a2ac4','','20613598',1,0,14.50,10,1,'imgurl',NOW())
INSERT INTO PRODUCT (ID,NAME,META_LINK,DESCRIPTION,CODE,EMPHASIS,CONTROL_STOCK,SALE_PRICE,QUANTITY_AVAILABLE,ACTIVE,IMG_URL,CREATED_AT) VALUES (5,'Monitor Gamer LG 21.5 LED Full HD, 75Hz, 5ms, HDMI, FreeSync - 22MP410-B','monitor-gamer-lg-215-led-full-hd-75hz-5ms-hdmi-freesync-22mp410-b','','94898989',1,0,499.99,10,1,'imgurl',NOW())
INSERT INTO PRODUCT (ID,NAME,META_LINK,DESCRIPTION,CODE,EMPHASIS,CONTROL_STOCK,SALE_PRICE,QUANTITY_AVAILABLE,ACTIVE,IMG_URL,CREATED_AT) VALUES (6,'SSD 1 TB Kingston NV2, M.2 2280 PCIe, NVMe, Leitura: 3500 MB/s e Gravação: 2100 MB/s - SNV2S/1000G','ssd-1-tb-kingston-nv2-m2-2280-pcie-nvme-leitura-3500-mbs-e-gravacao-2100-mbs-snv2s1000g','','48595898',1,0,269.99,10,1,'imgurl',NOW())

INSERT INTO PRODUCT_CATEGORY( PRODUCT_ID, CATEGORY_ID) VALUES (1,1)
INSERT INTO PRODUCT_CATEGORY( PRODUCT_ID, CATEGORY_ID) VALUES (2,2)
INSERT INTO PRODUCT_CATEGORY( PRODUCT_ID, CATEGORY_ID) VALUES (3,11)
INSERT INTO PRODUCT_CATEGORY( PRODUCT_ID, CATEGORY_ID) VALUES (4,11)
INSERT INTO PRODUCT_CATEGORY( PRODUCT_ID, CATEGORY_ID) VALUES (5,8)
INSERT INTO PRODUCT_CATEGORY( PRODUCT_ID, CATEGORY_ID) VALUES (6,9)
