INSERT INTO LOJAS (ID,NAME,FANTASY,CNPJ) VALUES (1,'Louise e Arthur Ferragens ME','Louise e Arthur','27.931.394/0001-58')

INSERT INTO SUPPLIER (ID,NAME,ACTIVE) VALUES (1,'LG',1)
INSERT INTO SUPPLIER (ID,NAME,ACTIVE) VALUES (2,'DELL',1)
INSERT INTO SUPPLIER (ID,NAME,ACTIVE) VALUES (3,'JBL',1)
INSERT INTO SUPPLIER (ID,NAME,ACTIVE) VALUES (4,'SAMSUNG',1)


INSERT INTO BRANDS (ID,NAME,META_LINK,ACTIVE) VALUES (1,'SAMSUNG','samsung',1)
INSERT INTO BRANDS (ID,NAME,META_LINK,ACTIVE) VALUES (2,'HP','hp',1)
INSERT INTO BRANDS (ID,NAME,META_LINK,ACTIVE) VALUES (3,'JBL','jbl',1)
INSERT INTO BRANDS (ID,NAME,META_LINK,ACTIVE) VALUES (4,'LG','lg',1)
INSERT INTO BRANDS (ID,NAME,META_LINK,ACTIVE) VALUES (5,'DELL','dell',1)
INSERT INTO BRANDS (ID,NAME,META_LINK,ACTIVE) VALUES (6,'KINGSTON','kingston',1)
INSERT INTO BRANDS (ID,NAME,META_LINK,ACTIVE) VALUES (7,'HyperX','hyperx',1)
INSERT INTO BRANDS (ID,NAME,META_LINK,ACTIVE) VALUES (8,'AMD','amd',1)
INSERT INTO BRANDS (ID,NAME,META_LINK,ACTIVE) VALUES (9,'XIAOMI','xiaomi',1)
INSERT INTO BRANDS (ID,NAME,META_LINK,ACTIVE) VALUES (10,'SONY','sony',1)
INSERT INTO BRANDS (ID,NAME,META_LINK,ACTIVE) VALUES (11,'MICROSOFT','microsoft',1)
INSERT INTO BRANDS (ID,NAME,META_LINK,ACTIVE) VALUES (12,'RAZOR','razor',1)
INSERT INTO BRANDS (ID,NAME,META_LINK,ACTIVE) VALUES (13,'HUSKY','husky',1)
INSERT INTO BRANDS (ID,NAME,META_LINK,ACTIVE) VALUES (14,'GOPRO','gopro',1)
INSERT INTO BRANDS (ID,NAME,META_LINK,ACTIVE) VALUES (15,'PRIZI','prizi',1)
INSERT INTO BRANDS (ID,NAME,META_LINK,ACTIVE) VALUES (16,'THUNDERX3','thunderx3',1)
INSERT INTO BRANDS (ID,NAME,META_LINK,ACTIVE) VALUES (17,'MYMAX','mymax',1)
INSERT INTO BRANDS (ID,NAME,META_LINK,ACTIVE) VALUES (18,'CREATIVE','creative',1)
INSERT INTO BRANDS (ID,NAME,META_LINK,ACTIVE) VALUES (19,'CAPCOM','capcom',1)
INSERT INTO BRANDS (ID,NAME,META_LINK,ACTIVE) VALUES (20,'ELETRONIC ARTS','eletronic-arts',1)
-- 
INSERT INTO CATEGORIES_MAIN (ID,NAME,META_LINK,ACTIVE) VALUES (1,'INFORMÁTICA','informatica',1)
INSERT INTO CATEGORIES_MAIN (ID,NAME,META_LINK,ACTIVE) VALUES (2,'PERIFÉRICOS','periféricos',1)
INSERT INTO CATEGORIES_MAIN (ID,NAME,META_LINK,ACTIVE) VALUES (3,'OUTROS','outros',1)
INSERT INTO CATEGORIES_MAIN (ID,NAME,META_LINK,ACTIVE) VALUES (4,'GAMES','hardware',1)
INSERT INTO CATEGORIES_MAIN (ID,NAME,META_LINK,ACTIVE) VALUES (5,'HARDWARE','hardware',1)
INSERT INTO CATEGORIES_MAIN (ID,NAME,META_LINK,ACTIVE) VALUES (6,'TELEFONIA','telefonia',1)
INSERT INTO CATEGORIES_MAIN (ID,NAME,META_LINK,ACTIVE) VALUES (7,'ESPAÇO GAMER','espaço-gamer',1)

INSERT INTO CATEGORIES (ID,MAIN_ID,NAME,META_LINK,ACTIVE) VALUES (1,1,'NOTEBOOKS','notebooks',1)
INSERT INTO CATEGORIES (ID,MAIN_ID,NAME,META_LINK,ACTIVE) VALUES (2,6,'CELULARES','celulares',1)
INSERT INTO CATEGORIES (ID,MAIN_ID,NAME,META_LINK,ACTIVE) VALUES (3,3,'MOUSES GAMER','mouses-gamer',1)
INSERT INTO CATEGORIES (ID,MAIN_ID,NAME,META_LINK,ACTIVE) VALUES (4,3,'TECLADOS','teclados',1)
INSERT INTO CATEGORIES (ID,MAIN_ID,NAME,META_LINK,ACTIVE) VALUES (5,1,'SOFTWARES','softwares',1)
INSERT INTO CATEGORIES (ID,MAIN_ID,NAME,META_LINK,ACTIVE) VALUES (6,1,'PC','pc',1)
INSERT INTO CATEGORIES (ID,MAIN_ID,NAME,META_LINK,ACTIVE) VALUES (7,1,'MONITORES','monitores',1)
INSERT INTO CATEGORIES (ID,MAIN_ID,NAME,META_LINK,ACTIVE) VALUES (8,1,'IMPRESSORAS','impressoras',1)
INSERT INTO CATEGORIES (ID,MAIN_ID,NAME,META_LINK,ACTIVE) VALUES (9,1,'SCANNERS','scanners',1)
INSERT INTO CATEGORIES (ID,MAIN_ID,NAME,META_LINK,ACTIVE) VALUES (10,3,'TECLADO GAMER','teclado-gamer',1)
INSERT INTO CATEGORIES (ID,MAIN_ID,NAME,META_LINK,ACTIVE) VALUES (11,3,'CAIXA DE SOM','caixa-de-som',1)
INSERT INTO CATEGORIES (ID,MAIN_ID,NAME,META_LINK,ACTIVE) VALUES (12,3,'HEADSETS','headsets',1)
INSERT INTO CATEGORIES (ID,MAIN_ID,NAME,META_LINK,ACTIVE) VALUES (13,3,'MOUSE PAD','mouse-pad',1)
INSERT INTO CATEGORIES (ID,MAIN_ID,NAME,META_LINK,ACTIVE) VALUES (14,3,'ÓCULOS','oculos',1)
INSERT INTO CATEGORIES (ID,MAIN_ID,NAME,META_LINK,ACTIVE) VALUES (15,3,'CABOS E ADAPTADORES','cabos-e-adaptadores',1)
INSERT INTO CATEGORIES (ID,MAIN_ID,NAME,META_LINK,ACTIVE) VALUES (16,1,'FONES DE OUVIDOS GAMER','fones-de-ouvidos-gamer',1)
INSERT INTO CATEGORIES (ID,MAIN_ID,NAME,META_LINK,ACTIVE) VALUES (17,1,'KIT GAMER','kit-gamer',1)
INSERT INTO CATEGORIES (ID,MAIN_ID,NAME,META_LINK,ACTIVE) VALUES (18,3,'STREAMER','streamer',1)
INSERT INTO CATEGORIES (ID,MAIN_ID,NAME,META_LINK,ACTIVE) VALUES (19,3,'HEADSET GAMER','headset-gamer',1)
INSERT INTO CATEGORIES (ID,MAIN_ID,NAME,META_LINK,ACTIVE) VALUES (20,1,'MESA DIGITALIZADORA','mesa-digitalizadora',1)
INSERT INTO CATEGORIES (ID,MAIN_ID,NAME,META_LINK,ACTIVE) VALUES (21,1,'PEN DRIVE','pen-drive',1)
INSERT INTO CATEGORIES (ID,MAIN_ID,NAME,META_LINK,ACTIVE) VALUES (22,3,'GABINETES','gabinetes',1)
INSERT INTO CATEGORIES (ID,MAIN_ID,NAME,META_LINK,ACTIVE) VALUES (23,3,'SUPRIMENTOS','suprimentos',1)
INSERT INTO CATEGORIES (ID,MAIN_ID,NAME,META_LINK,ACTIVE) VALUES (24,3,'TECLADO E MOUSE','teclado-mouse',1)
INSERT INTO CATEGORIES (ID,MAIN_ID,NAME,META_LINK,ACTIVE) VALUES (25,3,'SUPORTES','suportes',1)
INSERT INTO CATEGORIES (ID,MAIN_ID,NAME,META_LINK,ACTIVE) VALUES (26,4,'SIMULADORES','simuladores',1)
INSERT INTO CATEGORIES (ID,MAIN_ID,NAME,META_LINK,ACTIVE) VALUES (27,4,'XBOX','xbox',1)
INSERT INTO CATEGORIES (ID,MAIN_ID,NAME,META_LINK,ACTIVE) VALUES (28,4,'PLAYSTATION','playstation',1)
INSERT INTO CATEGORIES (ID,MAIN_ID,NAME,META_LINK,ACTIVE) VALUES (29,4,'NITENDO','nitendo',1)
INSERT INTO CATEGORIES (ID,MAIN_ID,NAME,META_LINK,ACTIVE) VALUES (30,4,'VIDEO GAME RETRO','video-game-retro',1)
INSERT INTO CATEGORIES (ID,MAIN_ID,NAME,META_LINK,ACTIVE) VALUES (31,4,'ACESSÓRIOS GAMER','acessorios-games',1)
INSERT INTO CATEGORIES (ID,MAIN_ID,NAME,META_LINK,ACTIVE) VALUES (32,4,'PORTÁTEIS','portateis',1)
INSERT INTO CATEGORIES (ID,MAIN_ID,NAME,META_LINK,ACTIVE) VALUES (33,6,'SMARTPHONES','smartphones',1)
INSERT INTO CATEGORIES (ID,MAIN_ID,NAME,META_LINK,ACTIVE) VALUES (34,6,'CELULAR BÁSICO','celular-básico',1)
INSERT INTO CATEGORIES (ID,MAIN_ID,NAME,META_LINK,ACTIVE) VALUES (35,6,'SMARTPHONES WEARABLES','smartphone-wearables',1)
INSERT INTO CATEGORIES (ID,MAIN_ID,NAME,META_LINK,ACTIVE) VALUES (36,6,'ACESSÓRIOS PARA SMARTPHONES','acessorios-para-smartphones',1)
INSERT INTO CATEGORIES (ID,MAIN_ID,NAME,META_LINK,ACTIVE) VALUES (37,5,'SSD','ssd',1)
INSERT INTO CATEGORIES (ID,MAIN_ID,NAME,META_LINK,ACTIVE) VALUES (38,1,'KIT-HARDWARE','kit-hardware',1)
INSERT INTO CATEGORIES (ID,MAIN_ID,NAME,META_LINK,ACTIVE) VALUES (39,5,'PLACAS INTERFACE','placas-interface',1)
INSERT INTO CATEGORIES (ID,MAIN_ID,NAME,META_LINK,ACTIVE) VALUES (40,5,'COOLERS','coolers',1)
INSERT INTO CATEGORIES (ID,MAIN_ID,NAME,META_LINK,ACTIVE) VALUES (41,5,'DISCO RIGIDO (HD)','disco-rigido-hd',1)
INSERT INTO CATEGORIES (ID,MAIN_ID,NAME,META_LINK,ACTIVE) VALUES (42,5,'DRIVES','drives',1)
INSERT INTO CATEGORIES (ID,MAIN_ID,NAME,META_LINK,ACTIVE) VALUES (43,5,'FONTES','fontes',1)
INSERT INTO CATEGORIES (ID,MAIN_ID,NAME,META_LINK,ACTIVE) VALUES (44,5,'MEMÓRIA RAM','memoria-ram',1)
INSERT INTO CATEGORIES (ID,MAIN_ID,NAME,META_LINK,ACTIVE) VALUES (45,5,'PLACA DE VIDEO (VGA)','placa-de-video-vga',1)
INSERT INTO CATEGORIES (ID,MAIN_ID,NAME,META_LINK,ACTIVE) VALUES (46,5,'PLACAS-MÃE','placas-mãe',1)
INSERT INTO CATEGORIES (ID,MAIN_ID,NAME,META_LINK,ACTIVE) VALUES (47,5,'PROCESSADORES','processadores',1)
INSERT INTO CATEGORIES (ID,MAIN_ID,NAME,META_LINK,ACTIVE) VALUES (48,5,'CADEIRAS GAMER','cadeiras-gamer',1)
INSERT INTO CATEGORIES (ID,MAIN_ID,NAME,META_LINK,ACTIVE) VALUES (49,5,'MESA GAMER','mesa-gamer',1)
INSERT INTO CATEGORIES (ID,MAIN_ID,NAME,META_LINK,ACTIVE) VALUES (50,5,'TAPETE GAMER','tapete-gamer',1)













